target,n_sig_coord,n_sig_roi,omnibus_t,omnibus_p,median_cohens_d
vim,0,0,0.26203200221061707,0.7962718605995178,0.317959725856781
