target,n_sig_coord,n_sig_roi,omnibus_t,omnibus_p,median_cohens_d
zi,0,1,2.016967296600342,0.05886610597372055,0.23278763890266418
