target,n_sig_coord,n_sig_roi,omnibus_t,omnibus_p,median_cohens_d
vim,0,3,-0.31446775794029236,0.7567815184593201,0.22814825177192688
