target,n_sig_coord,n_sig_roi,omnibus_t,omnibus_p,median_cohens_d
zi,0,1,1.048232078552246,0.30840370059013367,0.32856717705726624
